{
	"credit": "Made with Blockbench",
	"textures": {
		"0": "block/iron_block",
		"1": "epcot:deco/smrt1",
		"particle": "block/iron_block"
	},
	"elements": [
		{
			"from": [12.64859, 7.38622, 8.07163],
			"to": [14.07034, 7.67261, 9.32837],
			"rotation": {"angle": 0, "axis": "y", "origin": [13.70946, 6.65437, 8.56338]},
			"faces": {
				"north": {"uv": [4, 4, 4.625, 1], "rotation": 90, "texture": "#0"},
				"east": {"uv": [4, 2, 4.625, 1], "rotation": 90, "texture": "#0"},
				"south": {"uv": [4, 4, 4.625, 1], "rotation": 270, "texture": "#0"},
				"west": {"uv": [4, 4, 4.625, 1], "rotation": 90, "texture": "#0"},
				"up": {"uv": [4, 4, 4.625, 1], "rotation": 270, "texture": "#0"},
				"down": {"uv": [4, 4, 4.625, 1], "rotation": 270, "texture": "#0"}
			}
		},
		{
			"from": [10.7932, 9.37623, 7.81093],
			"to": [13.3068, 11.30457, 9.48907],
			"rotation": {"angle": 22.5, "axis": "z", "origin": [11.3, 10.0404, 8.7]},
			"faces": {
				"north": {"uv": [0.06563, 0.62188, 0.72187, 0.19688], "rotation": 90, "texture": "#1"},
				"east": {"uv": [0.06563, 0.62188, 0.72187, 0.19688], "rotation": 90, "texture": "#1"},
				"south": {"uv": [0.06563, 0.62188, 0.72187, 0.19688], "rotation": 90, "texture": "#1"},
				"west": {"uv": [0.06563, 0.62188, 0.72187, 0.19688], "rotation": 90, "texture": "#1"},
				"up": {"uv": [0.06563, 0.62188, 0.72187, 0.19688], "rotation": 90, "texture": "#1"},
				"down": {"uv": [0.06563, 0.62188, 0.72187, 0.19688], "rotation": 90, "texture": "#1"}
			}
		},
		{
			"from": [11.8932, 8.17623, 8.21093],
			"to": [12.8068, 11.00457, 9.18907],
			"rotation": {"angle": 22.5, "axis": "z", "origin": [11.3, 10.0404, 8.7]},
			"faces": {
				"north": {"uv": [0.06563, 0.62188, 0.72187, 0.19688], "rotation": 90, "texture": "#1"},
				"east": {"uv": [0.06563, 0.62188, 0.72187, 0.19688], "rotation": 90, "texture": "#1"},
				"south": {"uv": [0.06563, 0.62188, 0.72187, 0.19688], "rotation": 90, "texture": "#1"},
				"west": {"uv": [0.06563, 0.62188, 0.72187, 0.19688], "rotation": 90, "texture": "#1"},
				"up": {"uv": [0.06563, 0.62188, 0.72187, 0.19688], "rotation": 90, "texture": "#1"},
				"down": {"uv": [0.06563, 0.62188, 0.72187, 0.19688], "rotation": 90, "texture": "#1"}
			}
		},
		{
			"from": [12.79189, 7.66642, 8.21093],
			"to": [13.70549, 8.89476, 9.18907],
			"rotation": {"angle": 0, "axis": "y", "origin": [12.19869, 7.93059, 8.7]},
			"faces": {
				"north": {"uv": [0.06563, 0.62188, 0.72187, 0.19688], "rotation": 90, "texture": "#1"},
				"east": {"uv": [0.06563, 0.62188, 0.72187, 0.19688], "rotation": 90, "texture": "#1"},
				"south": {"uv": [0.06563, 0.62188, 0.72187, 0.19688], "rotation": 90, "texture": "#1"},
				"west": {"uv": [0.06563, 0.62188, 0.72187, 0.19688], "rotation": 90, "texture": "#1"},
				"up": {"uv": [0.06563, 0.62188, 0.72187, 0.19688], "rotation": 90, "texture": "#1"},
				"down": {"uv": [0.06563, 0.62188, 0.72187, 0.19688], "rotation": 90, "texture": "#1"}
			}
		},
		{
			"from": [12.99189, 7.56642, 8.21093],
			"to": [13.90549, 8.19476, 9.18907],
			"rotation": {"angle": 0, "axis": "y", "origin": [12.39869, 7.23059, 8.7]},
			"faces": {
				"north": {"uv": [0.06563, 0.62188, 0.72187, 0.19688], "rotation": 90, "texture": "#1"},
				"east": {"uv": [0.06563, 0.62188, 0.72187, 0.19688], "rotation": 90, "texture": "#1"},
				"south": {"uv": [0.06563, 0.62188, 0.72187, 0.19688], "rotation": 90, "texture": "#1"},
				"west": {"uv": [0.06563, 0.62188, 0.72187, 0.19688], "rotation": 90, "texture": "#1"},
				"up": {"uv": [0.06563, 0.62188, 0.72187, 0.19688], "rotation": 90, "texture": "#1"},
				"down": {"uv": [0.06563, 0.62188, 0.72187, 0.19688], "rotation": 90, "texture": "#1"}
			}
		},
		{
			"from": [13.04859, 6.28622, 8.47163],
			"to": [13.77034, 7.67261, 8.92837],
			"rotation": {"angle": 0, "axis": "y", "origin": [13.40946, 6.85437, 8.56338]},
			"faces": {
				"north": {"uv": [4, 4, 4.625, 1], "rotation": 90, "texture": "#0"},
				"east": {"uv": [4, 2, 4.625, 1], "rotation": 90, "texture": "#0"},
				"south": {"uv": [4, 4, 4.625, 1], "rotation": 270, "texture": "#0"},
				"west": {"uv": [4, 4, 4.625, 1], "rotation": 90, "texture": "#0"},
				"up": {"uv": [4, 4, 4.625, 1], "rotation": 270, "texture": "#0"},
				"down": {"uv": [4, 4, 4.625, 1], "rotation": 270, "texture": "#0"}
			}
		},
		{
			"from": [13.04859, 6.48622, 8.87163],
			"to": [13.77034, 7.67261, 9.42837],
			"rotation": {"angle": 0, "axis": "y", "origin": [13.40946, 6.85437, 8.96338]},
			"faces": {
				"north": {"uv": [4, 4, 4.625, 1], "rotation": 90, "texture": "#0"},
				"east": {"uv": [4, 2, 4.625, 1], "rotation": 90, "texture": "#0"},
				"south": {"uv": [4, 4, 4.625, 1], "rotation": 270, "texture": "#0"},
				"west": {"uv": [4, 4, 4.625, 1], "rotation": 90, "texture": "#0"},
				"up": {"uv": [4, 4, 4.625, 1], "rotation": 270, "texture": "#0"},
				"down": {"uv": [4, 4, 4.625, 1], "rotation": 270, "texture": "#0"}
			}
		},
		{
			"from": [12.94859, 6.08622, 8.07163],
			"to": [13.57034, 7.47261, 8.52837],
			"rotation": {"angle": 0, "axis": "y", "origin": [13.40946, 6.85437, 8.16338]},
			"faces": {
				"north": {"uv": [4, 4, 4.625, 1], "rotation": 90, "texture": "#0"},
				"east": {"uv": [4, 2, 4.625, 1], "rotation": 90, "texture": "#0"},
				"south": {"uv": [4, 4, 4.625, 1], "rotation": 270, "texture": "#0"},
				"west": {"uv": [4, 4, 4.625, 1], "rotation": 90, "texture": "#0"},
				"up": {"uv": [4, 4, 4.625, 1], "rotation": 270, "texture": "#0"},
				"down": {"uv": [4, 4, 4.625, 1], "rotation": 270, "texture": "#0"}
			}
		},
		{
			"from": [12.84859, 6.68622, 7.87163],
			"to": [13.47034, 7.47261, 8.12837],
			"rotation": {"angle": 0, "axis": "y", "origin": [13.40946, 6.85437, 7.96338]},
			"faces": {
				"north": {"uv": [4, 4, 4.625, 1], "rotation": 90, "texture": "#0"},
				"east": {"uv": [4, 2, 4.625, 1], "rotation": 90, "texture": "#0"},
				"south": {"uv": [4, 4, 4.625, 1], "rotation": 270, "texture": "#0"},
				"west": {"uv": [4, 4, 4.625, 1], "rotation": 90, "texture": "#0"},
				"up": {"uv": [4, 4, 4.625, 1], "rotation": 270, "texture": "#0"},
				"down": {"uv": [4, 4, 4.625, 1], "rotation": 270, "texture": "#0"}
			}
		},
		{
			"from": [13.27034, 6.98622, 4.27163],
			"to": [13.47034, 7.18622, 7.89163],
			"rotation": {"angle": 0, "axis": "y", "origin": [13.40946, 7.15437, 7.96338]},
			"faces": {
				"north": {"uv": [6, 4.2875, 6.40313, 3.89688], "rotation": 90, "texture": "#1"},
				"east": {"uv": [6, 4.2875, 6.40313, 3.89688], "rotation": 90, "texture": "#1"},
				"south": {"uv": [6, 4.2875, 6.40313, 3.89688], "rotation": 90, "texture": "#1"},
				"west": {"uv": [6, 4.2875, 6.40313, 3.89688], "rotation": 90, "texture": "#1"},
				"up": {"uv": [6, 4.2875, 6.40313, 3.89688], "rotation": 90, "texture": "#1"},
				"down": {"uv": [6, 4.2875, 6.40313, 3.89688], "rotation": 90, "texture": "#1"}
			}
		},
		{
			"from": [13.17034, 6.88622, 3.87163],
			"to": [13.57034, 7.28622, 4.29163],
			"rotation": {"angle": 0, "axis": "y", "origin": [13.40946, 7.15437, 4.36338]},
			"faces": {
				"north": {"uv": [0.09375, 0.48437, 0.49688, 0.09375], "rotation": 90, "texture": "#1"},
				"east": {"uv": [0.09375, 0.48437, 0.49688, 0.09375], "rotation": 90, "texture": "#1"},
				"south": {"uv": [0.09375, 0.48437, 0.49688, 0.09375], "rotation": 90, "texture": "#1"},
				"west": {"uv": [0.09375, 0.48437, 0.49688, 0.09375], "rotation": 90, "texture": "#1"},
				"up": {"uv": [0.09375, 0.48437, 0.49688, 0.09375], "rotation": 90, "texture": "#1"},
				"down": {"uv": [0.09375, 0.48437, 0.49688, 0.09375], "rotation": 90, "texture": "#1"}
			}
		},
		{
			"from": [12.64859, 7.08622, 7.57163],
			"to": [13.27034, 7.47261, 7.82837],
			"rotation": {"angle": 22.5, "axis": "y", "origin": [13.20946, 6.85437, 7.66338]},
			"faces": {
				"north": {"uv": [4, 4, 4.625, 1], "rotation": 90, "texture": "#0"},
				"east": {"uv": [4, 2, 4.625, 1], "rotation": 90, "texture": "#0"},
				"south": {"uv": [4, 4, 4.625, 1], "rotation": 270, "texture": "#0"},