{
	"credit": "Made with Blockbench",
	"textures": {
		"0": "block/iron_block",
		"1": "epcot:deco/smrt1",
		"particle": "block/iron_block"
	},
	"elements": [
		{
			"from": [7.9852, 7.38622, 9.45582],
			"to": [9.40694, 7.67261, 10.71255],
			"rotation": {"angle": 0, "axis": "y", "origin": [9.04607, 6.65437, 9.94756]},
			"faces": {
				"north": {"uv": [4, 4, 4.625, 1], "rotation": 90, "texture": "#0"},
				"east": {"uv": [4, 2, 4.625, 1], "rotation": 90, "texture": "#0"},
				"south": {"uv": [4, 4, 4.625, 1], "rotation": 270, "texture": "#0"},
				"west": {"uv": [4, 4, 4.625, 1], "rotation": 90, "texture": "#0"},
				"up": {"uv": [4, 4, 4.625, 1], "rotation": 270, "texture": "#0"},
				"down": {"uv": [4, 4, 4.625, 1], "rotation": 270, "texture": "#0"}
			}
		},
		{
			"from": [6.1298, 9.37623, 9.19511],
			"to": [8.6434, 11.30457, 10.87325],
			"rotation": {"angle": 22.5, "axis": "z", "origin": [6.6366, 10.0404, 10.08418]},
			"faces": {
				"north": {"uv": [0.06563, 0.62188, 0.72187, 0.19688], "rotation": 90, "texture": "#1"},
				"east": {"uv": [0.06563, 0.62188, 0.72187, 0.19688], "rotation": 90, "texture": "#1"},
				"south": {"uv": [0.06563, 0.62188, 0.72187, 0.19688], "rotation": 90, "texture": "#1"},
				"west": {"uv": [0.06563, 0.62188, 0.72187, 0.19688], "rotation": 90, "texture": "#1"},
				"up": {"uv": [0.06563, 0.62188, 0.72187, 0.19688], "rotation": 90, "texture": "#1"},
				"down": {"uv": [0.06563, 0.62188, 0.72187, 0.19688], "rotation": 90, "texture": "#1"}
			}
		},
		{
			"from": [7.2298, 8.17623, 9.59511],
			"to": [8.1434, 11.00457, 10.57325],
			"rotation": {"angle": 22.5, "axis": "z", "origin": [6.6366, 10.0404, 10.08418]},
			"faces": {
				"north": {"uv": [0.06563, 0.62188, 0.72187, 0.19688], "rotation": 90, "texture": "#1"},
				"east": {"uv": [0.06563, 0.62188, 0.72187, 0.19688], "rotation": 90, "texture": "#1"},
				"south": {"uv": [0.06563, 0.62188, 0.72187, 0.19688], "rotation": 90, "texture": "#1"},
				"west": {"uv": [0.06563, 0.62188, 0.72187, 0.19688], "rotation": 90, "texture": "#1"},
				"up": {"uv": [0.06563, 0.62188, 0.72187, 0.19688], "rotation": 90, "texture": "#1"},
				"down": {"uv": [0.06563, 0.62188, 0.72187, 0.19688], "rotation": 90, "texture": "#1"}
			}
		},
		{
			"from": [8.12849, 7.66642, 9.59511],
			"to": [9.04209, 8.89476, 10.57325],
			"rotation": {"angle": 0, "axis": "y", "origin": [7.53529, 7.93059, 10.08418]},
			"faces": {
				"north": {"uv": [0.06563, 0.62188, 0.72187, 0.19688], "rotation": 90, "texture": "#1"},
				"east": {"uv": [0.06563, 0.62188, 0.72187, 0.19688], "rotation": 90, "texture": "#1"},
				"south": {"uv": [0.06563, 0.62188, 0.72187, 0.19688], "rotation": 90, "texture": "#1"},
				"west": {"uv": [0.06563, 0.62188, 0.72187, 0.19688], "rotation": 90, "texture": "#1"},
				"up": {"uv": [0.06563, 0.62188, 0.72187, 0.19688], "rotation": 90, "texture": "#1"},
				"down": {"uv": [0.06563, 0.62188, 0.72187, 0.19688], "rotation": 90, "texture": "#1"}
			}
		},
		{
			"from": [8.32849, 7.56642, 9.59511],
			"to": [9.24209, 8.19476, 10.57325],
			"rotation": {"angle": 0, "axis": "y", "origin": [7.73529, 7.23059, 10.08418]},
			"faces": {
				"north": {"uv": [0.06563, 0.62188, 0.72187, 0.19688], "rotation": 90, "texture": "#1"},
				"east": {"uv": [0.06563, 0.62188, 0.72187, 0.19688], "rotation": 90, "texture": "#1"},
				"south": {"uv": [0.06563, 0.62188, 0.72187, 0.19688], "rotation": 90, "texture": "#1"},
				"west": {"uv": [0.06563, 0.62188, 0.72187, 0.19688], "rotation": 90, "texture": "#1"},
				"up": {"uv": [0.06563, 0.62188, 0.72187, 0.19688], "rotation": 90, "texture": "#1"},
				"down": {"uv": [0.06563, 0.62188, 0.72187, 0.19688], "rotation": 90, "texture": "#1"}
			}
		},
		{
			"from": [8.3852, 6.28622, 9.85582],
			"to": [9.10694, 7.67261, 10.31255],
			"rotation": {"angle": 0, "axis": "y", "origin": [8.74607, 6.85437, 9.94756]},
			"faces": {
				"north": {"uv": [4, 4, 4.625, 1], "rotation": 90, "texture": "#0"},
				"east": {"uv": [4, 2, 4.625, 1], "rotation": 90, "texture": "#0"},
				"south": {"uv": [4, 4, 4.625, 1], "rotation": 270, "texture": "#0"},
				"west": {"uv": [4, 4, 4.625, 1], "rotation": 90, "texture": "#0"},
				"up": {"uv": [4, 4, 4.625, 1], "rotation": 270, "texture": "#0"},
				"down": {"uv": [4, 4, 4.625, 1], "rotation": 270, "texture": "#0"}
			}
		},
		{
			"from": [8.3852, 6.48622, 10.25582],
			"to": [9.10694, 7.67261, 10.81255],
			"rotation": {"angle": 0, "axis": "y", "origin": [8.74607, 6.85437, 10.34756]},
			"faces": {
				"north": {"uv": [4, 4, 4.625, 1], "rotation": 90, "texture": "#0"},
				"east": {"uv": [4, 2, 4.625, 1], "rotation": 90, "texture": "#0"},
				"south": {"uv": [4, 4, 4.625, 1], "rotation": 270, "texture": "#0"},
				"west": {"uv": [4, 4, 4.625, 1], "rotation": 90, "texture": "#0"},
				"up": {"uv": [4, 4, 4.625, 1], "rotation": 270, "texture": "#0"},
				"down": {"uv": [4, 4, 4.625, 1], "rotation": 270, "texture": "#0"}
			}
		},
		{
			"from": [8.2852, 6.08622, 9.45582],
			"to": [8.90694, 7.47261, 9.91255],
			"rotation": {"angle": 0, "axis": "y", "origin": [8.74607, 6.85437, 9.54756]},
			"faces": {
				"north": {"uv": [4, 4, 4.625, 1], "rotation": 90, "texture": "#0"},
				"east": {"uv": [4, 2, 4.625, 1], "rotation": 90, "texture": "#0"},
				"south": {"uv": [4, 4, 4.625, 1], "rotation": 270, "texture": "#0"},
				"west": {"uv": [4, 4, 4.625, 1], "rotation": 90, "texture": "#0"},
				"up": {"uv": [4, 4, 4.625, 1], "rotation": 270, "texture": "#0"},
				"down": {"uv": [4, 4, 4.625, 1], "rotation": 270, "texture": "#0"}
			}
		},
		{
			"from": [8.1852, 6.68622, 9.25582],
			"to": [8.80694, 7.47261, 9.51255],
			"rotation": {"angle": 0, "axis": "y", "origin": [8.74607, 6.85437, 9.34756]},
			"faces": {
				"north": {"uv": [4, 4, 4.625, 1], "rotation": 90, "texture": "#0"},
				"east": {"uv": [4, 2, 4.625, 1], "rotation": 90, "texture": "#0"},
				"south": {"uv": [4, 4, 4.625, 1], "rotation": 270, "texture": "#0"},
				"west": {"uv": [4, 4, 4.625, 1], "rotation": 90, "texture": "#0"},
				"up": {"uv": [4, 4, 4.625, 1], "rotation": 270, "texture": "#0"},
				"down": {"uv": [4, 4, 4.625, 1], "rotation": 270, "texture": "#0"}
			}
		},
		{
			"from": [8.60694, 6.98622, 5.65582],
			"to": [8.80694, 7.18622, 9.27582],
			"rotation": {"angle": 0, "axis": "y", "origin": [8.74607, 7.15437, 9.34756]},
			"faces": {
				"north": {"uv": [6, 4.2875, 6.40313, 3.89688], "rotation": 90, "texture": "#1"},
				"east": {"uv": [6, 4.2875, 6.40313, 3.89688], "rotation": 90, "texture": "#1"},
				"south": {"uv": [6, 4.2875, 6.40313, 3.89688], "rotation": 90, "texture": "#1"},
				"west": {"uv": [6, 4.2875, 6.40313, 3.89688], "rotation": 90, "texture": "#1"},
				"up": {"uv": [6, 4.2875, 6.40313, 3.89688], "rotation": 90, "texture": "#1"},
				"down": {"uv": [6, 4.2875, 6.40313, 3.89688], "rotation": 90, "texture": "#1"}
			}
		},
		{
			"from": [8.50694, 6.88622, 5.25582],
			"to": [8.90694, 7.28622, 5.67582],
			"rotation": {"angle": 0, "axis": "y", "origin": [8.74607, 7.15437, 5.74756]},
			"faces": {
				"north": {"uv": [0.09375, 0.48437, 0.49688, 0.09375], "rotation": 90, "texture": "#1"},
				"east": {"uv": [0.09375, 0.48437, 0.49688, 0.09375], "rotation": 90, "texture": "#1"},
				"south": {"uv": [0.09375, 0.48437, 0.49688, 0.09375], "rotation": 90, "texture": "#1"},
				"west": {"uv": [0.09375, 0.48437, 0.49688, 0.09375], "rotation": 90, "texture": "#1"},
				"up": {"uv": [0.09375, 0.48437, 0.49688, 0.09375], "rotation": 90, "texture": "#1"},
				"down": {"uv": [0.09375, 0.48437, 0.49688, 0.09375], "rotation": 90, "texture": "#1"}
			}
		},
		{
			"from": [7.9852, 7.08622, 8.95582],
			"to": [8.60694, 7.47261, 9.21255],
			"rotation": {"angle": 22.5, "axis": "y", "origin": [8.54607, 6.85437, 9.04756]},
			"faces": {
				"north": {"uv": [4, 4, 4.625, 1], "rotation": 90, "texture": "#0"},
				"east": {"uv": [4, 2, 4.625, 1], "rotation": 90, "texture": "#0"},
				"south": {"uv": [4, 4, 4.625, 1], "rotation": 270, "texture": "#0"},