{
	"format_version": "1.21.6",
	"credit": "Made with Blockbench",
	"textures": {
		"0": "epcot:ride/jii/dm",
		"particle": "epcot:ride/jii/dm"
	},
	"elements": [
		{
			"from": [7.95, 2.475, 7.95],
			"to": [8.05, 2.9, 8.05],
			"rotation": {"angle": 0, "axis": "y", "origin": [4.6, 7.1, 7.95467]},
			"faces": {
				"north": {"uv": [10.88281, 1.25, 11.43281, 1.36875], "rotation": 270, "texture": "#0"},
				"east": {"uv": [11.43281, 1.25, 10.88281, 1.36875], "rotation": 90, "texture": "#0"},
				"south": {"uv": [11.43281, 1.25, 10.88281, 1.36875], "rotation": 90, "texture": "#0"},
				"west": {"uv": [11.43281, 1.25, 10.88281, 1.36875], "rotation": 90, "texture": "#0"},
				"up": {"uv": [11.00781, 1.25, 11.12031, 1.36875], "rotation": 90, "texture": "#0"},
				"down": {"uv": [10.88281, 1.25, 11.43281, 1.36875], "rotation": 90, "texture": "#0"}
			}
		},
		{
			"from": [8.4, 2.725, 7.875],
			"to": [9.2, 2.75, 8.125],
			"rotation": {"angle": 0, "axis": "y", "origin": [5.4, 7.05, 8.00467]},
			"faces": {
				"north": {"uv": [13.13281, 0.4375, 14.87031, 0.80625], "rotation": 270, "texture": "#0"},
				"east": {"uv": [13.13281, 0.4375, 14.87031, 0.80625], "rotation": 90, "texture": "#0"},
				"south": {"uv": [13.13281, 0.4375, 14.87031, 0.80625], "rotation": 90, "texture": "#0"},
				"west": {"uv": [13.13281, 0.4375, 14.87031, 0.80625], "rotation": 90, "texture": "#0"},
				"up": {"uv": [13.07031, 0.25, 13.43281, 2.43125], "rotation": 90, "texture": "#0"},
				"down": {"uv": [13.07031, 0.25, 13.43281, 2.43125], "rotation": 90, "texture": "#0"}
			}
		},
		{
			"from": [7.875, 2.65, 7.875],
			"to": [8.125, 2.825, 8.125],
			"rotation": {"angle": 0, "axis": "y", "origin": [4.6, 7.1, 7.97967]},
			"faces": {
				"north": {"uv": [10.6875, 0.9375, 10.8125, 1.1875], "rotation": 270, "texture": "#0"},
				"east": {"uv": [10.6875, 0.9375, 10.8125, 1.1875], "rotation": 90, "texture": "#0"},
				"south": {"uv": [10.6875, 0.9375, 10.8125, 1.1875], "rotation": 90, "texture": "#0"},
				"west": {"uv": [10.6875, 0.9375, 10.8125, 1.1875], "rotation": 90, "texture": "#0"},
				"up": {"uv": [10.6875, 0.9375, 10.8125, 1.1875], "rotation": 90, "texture": "#0"},
				"down": {"uv": [10.6875, 0.9375, 10.8125, 1.1875], "rotation": 90, "texture": "#0"}
			}
		},
		{
			"from": [6.8, 2.725, 7.875],
			"to": [7.6, 2.75, 8.125],
			"rotation": {"angle": 0, "axis": "y", "origin": [10.65, 7.05, 8.00467]},
			"faces": {
				"north": {"uv": [13.13281, 0.4375, 14.87031, 0.80625], "rotation": 270, "texture": "#0"},
				"east": {"uv": [13.13281, 0.4375, 14.87031, 0.80625], "rotation": 90, "texture": "#0"},
				"south": {"uv": [13.13281, 0.4375, 14.87031, 0.80625], "rotation": 90, "texture": "#0"},
				"west": {"uv": [13.13281, 0.4375, 14.87031, 0.80625], "rotation": 90, "texture": "#0"},
				"up": {"uv": [13.07031, 0.25, 13.43281, 2.43125], "rotation": 90, "texture": "#0"},
				"down": {"uv": [13.07031, 0.25, 13.43281, 2.43125], "rotation": 90, "texture": "#0"}
			}
		},
		{
			"from": [7.57656, 2.7125, 7.96794],
			"to": [8.45156, 2.7625, 8.01794],
			"rotation": {"angle": 10, "axis": "y", "origin": [7.97656, 2.7375, 8.06794]},
			"faces": {
				"north": {"uv": [11.825, 0.69375, 12.43125, 1.625], "rotation": 270, "texture": "#0"},
				"east": {"uv": [11.825, 0.69375, 12.43125, 1.625], "rotation": 90, "texture": "#0"},
				"south": {"uv": [11.825, 0.69375, 12.43125, 1.625], "rotation": 90, "texture": "#0"},
				"west": {"uv": [11.825, 0.69375, 12.43125, 1.625], "rotation": 90, "texture": "#0"},
				"up": {"uv": [11.825, 0.69375, 12.43125, 1.625], "rotation": 90, "texture": "#0"},
				"down": {"uv": [11.825, 0.69375, 12.43125, 1.625], "rotation": 90, "texture": "#0"}
			}
		},
		{
			"from": [7.57656, 2.7125, 7.98206],
			"to": [8.45156, 2.7625, 8.03206],
			"rotation": {"angle": -10, "axis": "y", "origin": [7.97656, 2.7375, 7.93206]},
			"faces": {
				"north": {"uv": [11.825, 0.69375, 12.43125, 1.625], "rotation": 270, "texture": "#0"},
				"east": {"uv": [11.825, 0.69375, 12.43125, 1.625], "rotation": 90, "texture": "#0"},
				"south": {"uv": [11.825, 0.69375, 12.43125, 1.625], "rotation": 90, "texture": "#0"},
				"west": {"uv": [11.825, 0.69375, 12.43125, 1.625], "rotation": 90, "texture": "#0"},
				"up": {"uv": [11.825, 0.69375, 12.43125, 1.625], "rotation": 90, "texture": "#0"},
				"down": {"uv": [11.825, 0.69375, 12.43125, 1.625], "rotation": 90, "texture": "#0"}
			}
		}
	]
}